{
    "avg_reward": 53.41421002191155,
    "std_reward": 111.25352120623964,
    "avg_position": 6.0,
    "std_position": 4.147288270665544,
    "avg_pitstops": 1.3,
    "avg_race_time": 5274.682788971613,
    "wins": 2,
    "podiums": 3,
    "points_finishes": 7
}